city,customer_count,order_count,orders_per_customer,total_sales,avg_order_value,company_avg_order_value,aov_index_vs_company
New York City,349,439,1.26,252462.55,575.09,459.48,125.2
Los Angeles,300,378,1.26,173420.18,458.78,459.48,99.8
Seattle,187,210,1.12,116106.32,552.89,459.48,120.3
San Francisco,230,261,1.13,109041.12,417.78,459.48,90.9
Philadelphia,237,262,1.11,108841.75,415.43,459.48,90.4
Houston,170,186,1.09,63956.14,343.85,459.48,74.8
Chicago,150,166,1.11,47820.13,288.07,459.48,62.7
San Diego,86,88,1.02,47521.03,540.01,459.48,117.5
Jacksonville,61,61,1.0,44713.18,733.0,459.48,159.5
Detroit,50,53,1.06,42446.94,800.89,459.48,174.3
Springfield,65,71,1.09,41827.81,589.12,459.48,128.2
Columbus,96,110,1.15,38662.56,351.48,459.48,76.5
Newark,44,44,1.0,28448.05,646.55,459.48,140.7
Columbia,33,33,1.0,25283.32,766.16,459.48,166.7
Jackson,35,37,1.06,24963.86,674.7,459.48,146.8
Lafayette,15,15,1.0,24944.28,1662.95,459.48,361.9
San Antonio,27,27,1.0,21843.53,809.02,459.48,176.1
Burlington,14,15,1.07,21668.08,1444.54,459.48,314.4
Arlington,31,31,1.0,20214.53,652.08,459.48,141.9
Dallas,77,79,1.03,20127.95,254.78,459.48,55.5
Lakewood,27,28,1.04,18183.11,649.4,459.48,141.3
Richmond,38,39,1.03,17663.87,452.92,459.48,98.6
Henderson,19,19,1.0,17549.07,923.64,459.48,201.0
Atlanta,17,17,1.0,17197.84,1011.64,459.48,220.2
Minneapolis,13,13,1.0,16870.54,1297.73,459.48,282.4
Providence,13,13,1.0,15980.65,1229.28,459.48,267.5
Charlotte,23,23,1.0,13450.99,584.83,459.48,127.3
Long Beach,30,31,1.03,12308.84,397.06,459.48,86.4
Denver,17,17,1.0,12198.79,717.58,459.48,156.2
Louisville,27,28,1.04,12079.29,431.4,459.48,93.9
Aurora,34,35,1.03,11656.48,333.04,459.48,72.5
Franklin,20,20,1.0,11257.04,562.85,459.48,122.5
Phoenix,28,29,1.04,11000.26,379.32,459.48,82.6
Concord,21,21,1.0,10542.4,502.02,459.48,109.3
Milwaukee,22,22,1.0,10469.04,475.87,459.48,103.6
Lancaster,26,27,1.04,9891.46,366.35,459.48,79.7
North Las Vegas,7,7,1.0,9801.0,1400.14,459.48,304.7
Huntsville,17,17,1.0,9194.99,540.88,459.48,117.7
Buffalo,7,7,1.0,9063.5,1294.79,459.48,281.8
Fairfield,22,22,1.0,8918.38,405.38,459.48,88.2
Miami,33,33,1.0,8647.83,262.06,459.48,57.0
Rochester,28,28,1.0,7974.53,284.8,459.48,62.0
Fresno,10,11,1.1,7888.53,717.14,459.48,156.1
Yonkers,6,6,1.0,7657.67,1276.28,459.48,277.8
Lawrence,21,21,1.0,7654.19,364.49,459.48,79.3
Florence,10,10,1.0,7603.72,760.37,459.48,165.5
Sacramento,8,8,1.0,7311.28,913.91,459.48,198.9
Wilmington,18,18,1.0,7297.06,405.39,459.48,88.2
Tallahassee,9,9,1.0,7250.67,805.63,459.48,175.3
Fayetteville,20,20,1.0,6925.93,346.3,459.48,75.4
Roswell,9,9,1.0,6652.32,739.15,459.48,160.9
Fort Worth,12,12,1.0,6602.71,550.23,459.48,119.8
Oklahoma City,11,11,1.0,6596.82,599.71,459.48,130.5
Pasadena,18,20,1.11,6590.15,329.51,459.48,71.7
Decatur,15,15,1.0,6334.12,422.27,459.48,91.9
Tucson,12,13,1.08,6313.02,485.62,459.48,105.7
Omaha,14,14,1.0,6312.53,450.9,459.48,98.1
Baltimore,21,21,1.0,6156.84,293.18,459.48,63.8
San Jose,17,20,1.18,6071.23,303.56,459.48,66.1
Nashville,16,16,1.0,6070.86,379.43,459.48,82.6
Austin,18,18,1.0,6057.98,336.55,459.48,73.2
Chesapeake,10,10,1.0,5996.72,599.67,459.48,130.5
Oakland,13,13,1.0,5964.42,458.8,459.48,99.9
Memphis,14,14,1.0,5942.34,424.45,459.48,92.4
Virginia Beach,11,11,1.0,5752.13,522.92,459.48,113.8
Everett,9,9,1.0,5665.73,629.53,459.48,137.0
Lakeland,6,6,1.0,5606.89,934.48,459.48,203.4
Anaheim,7,7,1.0,5600.55,800.08,459.48,174.1
Tulsa,13,13,1.0,5556.97,427.46,459.48,93.0
Alexandria,6,6,1.0,5519.57,919.93,459.48,200.2
Clinton,10,10,1.0,5514.25,551.43,459.48,120.0
Des Moines,10,10,1.0,5463.28,546.33,459.48,118.9
Mobile,4,4,1.0,5462.99,1365.75,459.48,297.2
Madison,4,4,1.0,5346.79,1336.7,459.48,290.9
Midland,5,5,1.0,5291.51,1058.3,459.48,230.3
Cleveland,19,19,1.0,5281.5,277.97,459.48,60.5
Tampa,14,14,1.0,5196.08,371.15,459.48,80.8
Brentwood,6,6,1.0,5090.11,848.35,459.48,184.6
Morristown,5,5,1.0,5033.1,1006.62,459.48,219.1
Dover,11,11,1.0,4878.07,443.46,459.48,96.5
Fort Lauderdale,11,11,1.0,4855.21,441.38,459.48,96.1
Round Rock,3,3,1.0,4854.05,1618.02,459.48,352.1
Lowell,7,7,1.0,4837.93,691.13,459.48,150.4
Indianapolis,11,11,1.0,4834.1,439.46,459.48,95.6
Jamestown,2,2,1.0,4708.79,2354.4,459.48,512.4
Great Falls,3,3,1.0,4605.58,1535.19,459.48,334.1
Troy,14,14,1.0,4507.09,321.94,459.48,70.1
Harrisonburg,4,4,1.0,4388.71,1097.18,459.48,238.8
Toledo,15,15,1.0,4358.94,290.6,459.48,63.2
Oceanside,13,13,1.0,4350.74,334.67,459.48,72.8
Raleigh,12,12,1.0,4312.69,359.39,459.48,78.2
Lakeville,5,5,1.0,4260.95,852.19,459.48,185.5
Gilbert,5,5,1.0,4172.38,834.48,459.48,181.6
Watertown,7,7,1.0,4045.0,577.86,459.48,125.8
Mesa,14,14,1.0,4037.74,288.41,459.48,62.8
Knoxville,10,10,1.0,3928.17,392.82,459.48,85.5
Cranston,4,4,1.0,3921.99,980.5,459.48,213.4
Kenosha,3,3,1.0,3906.73,1302.24,459.48,283.4
Portland,14,14,1.0,3905.18,278.94,459.48,60.7
Santa Barbara,4,4,1.0,3896.05,974.01,459.48,212.0
Parma,3,3,1.0,3815.79,1271.93,459.48,276.8
Bellingham,2,2,1.0,3790.24,1895.12,459.48,412.5
Amarillo,7,7,1.0,3773.06,539.01,459.48,117.3
Plainfield,6,6,1.0,3727.92,621.32,459.48,135.2
Montgomery,6,6,1.0,3722.73,620.46,459.48,135.0
Colorado Springs,9,9,1.0,3694.01,410.45,459.48,89.3
Roseville,13,13,1.0,3588.63,276.05,459.48,60.1
Westminster,3,3,1.0,3583.49,1194.5,459.48,260.0
Little Rock,6,6,1.0,3560.35,593.39,459.48,129.1
El Paso,10,10,1.0,3546.06,354.61,459.48,77.2
Plano,8,8,1.0,3530.37,441.3,459.48,96.0
Inglewood,4,4,1.0,3479.33,869.83,459.48,189.3
Salem,15,15,1.0,3444.25,229.62,459.48,50.0
Santa Ana,7,8,1.14,3366.31,420.79,459.48,91.6
Newport News,5,5,1.0,3321.95,664.39,459.48,144.6
Burbank,1,1,1.0,3247.16,3247.16,459.48,706.7
Marion,10,10,1.0,3233.15,323.31,459.48,70.4
Rockford,8,8,1.0,3166.23,395.78,459.48,86.1
Auburn,10,10,1.0,3155.17,315.52,459.48,68.7
Torrance,2,2,1.0,3132.27,1566.13,459.48,340.9
Noblesville,2,2,1.0,3091.18,1545.59,459.48,336.4
Waynesboro,3,3,1.0,3058.77,1019.59,459.48,221.9
Orem,5,5,1.0,2994.09,598.82,459.48,130.3
Smyrna,8,8,1.0,2978.58,372.32,459.48,81.0
Monroe,12,12,1.0,2970.43,247.54,459.48,53.9
Marietta,3,3,1.0,2938.62,979.54,459.48,213.2
Glendale,13,13,1.0,2917.87,224.45,459.48,48.8
Jonesboro,5,5,1.0,2915.32,583.06,459.48,126.9
Redlands,4,4,1.0,2891.02,722.76,459.48,157.3
Washington,4,4,1.0,2865.02,716.26,459.48,155.9
Provo,4,4,1.0,2761.23,690.31,459.48,150.2
Akron,9,9,1.0,2724.24,302.69,459.48,65.9
Hampton,5,5,1.0,2722.26,544.45,459.48,118.5
Hempstead,4,4,1.0,2589.59,647.4,459.48,140.9
Beverly,1,1,1.0,2583.19,2583.19,459.48,562.2
Sparks,3,3,1.0,2561.96,853.99,459.48,185.9
Huntington Beach,5,5,1.0,2527.82,505.56,459.48,110.0
Edmonds,5,5,1.0,2523.69,504.74,459.48,109.9
Medina,3,3,1.0,2477.72,825.91,459.48,179.8
Broken Arrow,3,3,1.0,2439.53,813.18,459.48,177.0
Warwick,4,4,1.0,2426.84,606.71,459.48,132.0
Independence,2,2,1.0,2417.37,1208.69,459.48,263.1
Greensboro,8,8,1.0,2406.78,300.85,459.48,65.5
Dublin,6,6,1.0,2401.16,400.19,459.48,87.1
Hialeah,10,10,1.0,2338.95,233.89,459.48,50.9
Paterson,6,6,1.0,2243.21,373.87,459.48,81.4
Albuquerque,7,7,1.0,2220.16,317.17,459.48,69.0
Clarksville,3,3,1.0,2217.73,739.24,459.48,160.9
Pasco,2,2,1.0,2201.11,1100.56,459.48,239.5
Pleasant Grove,2,2,1.0,2138.18,1069.09,459.48,232.7
Gresham,4,4,1.0,2133.42,533.36,459.48,116.1
Manchester,4,4,1.0,2126.28,531.57,459.48,115.7
Mount Vernon,5,5,1.0,2119.63,423.93,459.48,92.3
Greenville,5,5,1.0,2117.83,423.57,459.48,92.2
Bowling Green,6,6,1.0,2077.38,346.23,459.48,75.4
San Gabriel,1,1,1.0,2061.01,2061.01,459.48,448.6
Westland,3,3,1.0,2057.98,685.99,459.48,149.3
Apple Valley,5,5,1.0,2053.02,410.6,459.48,89.4
Chico,3,3,1.0,2050.18,683.39,459.48,148.7
Carrollton,7,7,1.0,2047.53,292.5,459.48,63.7
Highland Park,3,3,1.0,2035.1,678.37,459.48,147.6
Spokane,5,5,1.0,2027.92,405.58,459.48,88.3
Lorain,5,5,1.0,2015.11,403.02,459.48,87.7
Sandy Springs,4,4,1.0,1997.03,499.26,459.48,108.7
Chester,4,4,1.0,1968.48,492.12,459.48,107.1
Redondo Beach,3,3,1.0,1959.8,653.27,459.48,142.2
Wheeling,4,4,1.0,1946.97,486.74,459.48,105.9
Riverside,9,9,1.0,1944.25,216.03,459.48,47.0
Belleville,4,4,1.0,1891.6,472.9,459.48,102.9
Peoria,9,9,1.0,1842.83,204.76,459.48,44.6
Las Vegas,8,8,1.0,1834.02,229.25,459.48,49.9
Georgetown,3,3,1.0,1786.42,595.47,459.48,129.6
Trenton,4,4,1.0,1765.2,441.3,459.48,96.0
Evanston,3,3,1.0,1753.8,584.6,459.48,127.2
Orlando,6,6,1.0,1740.08,290.01,459.48,63.1
Hattiesburg,3,3,1.0,1722.84,574.28,459.48,125.0
Muskogee,2,2,1.0,1721.7,860.85,459.48,187.4
Perth Amboy,4,4,1.0,1717.08,429.27,459.48,93.4
Pembroke Pines,4,4,1.0,1714.38,428.59,459.48,93.3
Kent,6,6,1.0,1697.56,282.93,459.48,61.6
Bethlehem,2,2,1.0,1689.63,844.82,459.48,183.9
Dubuque,2,2,1.0,1687.3,843.65,459.48,183.6
Pueblo,4,4,1.0,1686.94,421.73,459.48,91.8
Appleton,2,2,1.0,1671.31,835.66,459.48,181.9
Greenwood,2,2,1.0,1665.05,832.53,459.48,181.2
Saint Charles,6,6,1.0,1659.65,276.61,459.48,60.2
Eau Claire,4,4,1.0,1645.65,411.41,459.48,89.5
Lake Forest,2,2,1.0,1625.54,812.77,459.48,176.9
Cincinnati,12,12,1.0,1611.98,134.33,459.48,29.2
Lansing,3,3,1.0,1610.29,536.76,459.48,116.8
Dearborn,2,2,1.0,1603.31,801.66,459.48,174.5
Cheyenne,1,1,1.0,1603.14,1603.14,459.48,348.9
Suffolk,4,4,1.0,1597.9,399.48,459.48,86.9
Bloomington,10,10,1.0,1567.74,156.77,459.48,34.1
Passaic,1,1,1.0,1562.09,1562.09,459.48,340.0
Oxnard,4,4,1.0,1558.1,389.53,459.48,84.8
Meriden,5,5,1.0,1550.68,310.14,459.48,67.5
Pharr,2,2,1.0,1540.71,770.35,459.48,167.7
Miramar,3,3,1.0,1531.19,510.4,459.48,111.1
Lehi,2,2,1.0,1516.73,758.36,459.48,165.0
Des Plaines,2,2,1.0,1493.21,746.61,459.48,162.5
Pomona,5,5,1.0,1482.5,296.5,459.48,64.5
Asheville,6,6,1.0,1475.38,245.9,459.48,53.5
Camarillo,2,2,1.0,1467.52,733.76,459.48,159.7
Scottsdale,7,7,1.0,1466.31,209.47,459.48,45.6
Eugene,1,1,1.0,1465.03,1465.03,459.48,318.8
Hackensack,2,2,1.0,1456.16,728.08,459.48,158.5
Southaven,2,2,1.0,1455.39,727.7,459.48,158.4
Plantation,3,3,1.0,1436.84,478.95,459.48,104.2
Athens,4,4,1.0,1434.72,358.68,459.48,78.1
Bossier City,2,2,1.0,1417.18,708.59,459.48,154.2
Tamarac,2,2,1.0,1413.51,706.76,459.48,153.8
Tigard,3,3,1.0,1393.78,464.59,459.48,101.1
Bakersfield,8,8,1.0,1377.29,172.16,459.48,37.5
Norman,2,2,1.0,1351.33,675.67,459.48,147.1
Pocatello,3,3,1.0,1344.94,448.31,459.48,97.6
Saint Cloud,1,1,1.0,1331.82,1331.82,459.48,289.9
Waterbury,5,5,1.0,1326.06,265.21,459.48,57.7
Carol Stream,1,1,1.0,1305.81,1305.81,459.48,284.2
Superior,2,2,1.0,1299.73,649.87,459.48,141.4
Brownsville,4,4,1.0,1292.23,323.06,459.48,70.3
Richardson,1,1,1.0,1288.46,1288.46,459.48,280.4
Naperville,5,5,1.0,1288.3,257.66,459.48,56.1
Quincy,11,11,1.0,1276.46,116.04,459.48,25.3
Moreno Valley,5,5,1.0,1262.47,252.49,459.48,55.0
Bristol,7,7,1.0,1251.18,178.74,459.48,38.9
Renton,1,1,1.0,1242.63,1242.63,459.48,270.4
South Bend,1,1,1.0,1238.33,1238.33,459.48,269.5
Stockton,5,5,1.0,1227.6,245.52,459.48,53.4
Vallejo,3,3,1.0,1221.41,407.14,459.48,88.6
Hesperia,3,3,1.0,1213.17,404.39,459.48,88.0
Danville,2,2,1.0,1202.25,601.13,459.48,130.8
Bangor,2,2,1.0,1164.45,582.23,459.48,126.7
Middletown,6,7,1.17,1154.61,164.94,459.48,35.9
Twin Falls,1,1,1.0,1148.81,1148.81,459.48,250.0
Sioux Falls,3,3,1.0,1137.42,379.14,459.48,82.5
Fremont,7,7,1.0,1119.01,159.86,459.48,34.8
Costa Mesa,4,4,1.0,1117.53,279.38,459.48,60.8
Rio Rancho,1,1,1.0,1114.19,1114.19,459.48,242.5
Redmond,6,6,1.0,1098.26,183.04,459.48,39.8
Boise,3,3,1.0,1094.47,364.82,459.48,79.4
Hollywood,8,8,1.0,1070.47,133.81,459.48,29.1
Tempe,6,6,1.0,1070.3,178.38,459.48,38.8
Parker,2,2,1.0,1067.94,533.97,459.48,116.2
Chandler,5,5,1.0,1067.4,213.48,459.48,46.5
Lawton,2,2,1.0,1057.49,528.75,459.48,115.1
Dearborn Heights,2,2,1.0,1051.57,525.79,459.48,114.4
Chula Vista,3,3,1.0,1041.62,347.21,459.48,75.6
Laredo,4,4,1.0,1024.34,256.08,459.48,55.7
La Porte,3,3,1.0,1021.34,340.45,459.48,74.1
Olympia,3,3,1.0,1020.45,340.15,459.48,74.0
Grand Prairie,7,7,1.0,1012.49,144.64,459.48,31.5
Chattanooga,6,6,1.0,988.8,164.8,459.48,35.9
New Rochelle,4,4,1.0,977.66,244.41,459.48,53.2
Odessa,3,4,1.33,976.12,244.03,459.48,53.1
Milford,3,3,1.0,961.74,320.58,459.48,69.8
Edmond,1,1,1.0,959.55,959.55,459.48,208.8
Avondale,3,3,1.0,946.81,315.6,459.48,68.7
Fort Collins,5,5,1.0,935.25,187.05,459.48,40.7
Fargo,2,2,1.0,919.91,459.96,459.48,100.1
Longmont,2,2,1.0,915.09,457.54,459.48,99.6
Apopka,3,3,1.0,904.55,301.52,459.48,65.6
Olathe,2,2,1.0,895.79,447.9,459.48,97.5
Gastonia,1,1,1.0,895.06,895.06,459.48,194.8
Deltona,4,4,1.0,893.24,223.31,459.48,48.6
Elmhurst,2,2,1.0,891.63,445.81,459.48,97.0
Ann Arbor,2,2,1.0,889.27,444.64,459.48,96.8
Maple Grove,2,2,1.0,882.87,441.44,459.48,96.1
Durham,5,5,1.0,879.96,175.99,459.48,38.3
League City,2,2,1.0,875.37,437.68,459.48,95.3
Reading,4,4,1.0,873.71,218.43,459.48,47.5
Mcallen,4,4,1.0,866.72,216.68,459.48,47.2
El Cajon,2,2,1.0,865.62,432.81,459.48,94.2
Woodstock,3,3,1.0,857.25,285.75,459.48,62.2
Allentown,2,2,1.0,853.25,426.63,459.48,92.9
Yuma,4,4,1.0,840.87,210.22,459.48,45.8
Revere,3,3,1.0,833.26,277.75,459.48,60.5
Buffalo Grove,2,2,1.0,831.4,415.7,459.48,90.5
La Crosse,2,2,1.0,830.41,415.21,459.48,90.4
Wichita,5,5,1.0,825.27,165.05,459.48,35.9
Coral Springs,4,4,1.0,824.99,206.25,459.48,44.9
Canton,2,2,1.0,818.13,409.07,459.48,89.0
York,2,2,1.0,817.98,408.99,459.48,89.0
Temecula,1,1,1.0,808.67,808.67,459.48,176.0
Salt Lake City,5,5,1.0,802.78,160.56,459.48,34.9
Broomfield,2,2,1.0,793.5,396.75,459.48,86.3
Texas City,2,2,1.0,790.97,395.49,459.48,86.1
Mishawaka,2,2,1.0,776.24,388.12,459.48,84.5
Mission Viejo,3,3,1.0,775.99,258.66,459.48,56.3
Johnson City,3,3,1.0,765.85,255.28,459.48,55.6
Thornton,3,3,1.0,765.25,255.08,459.48,55.5
Saint Petersburg,5,5,1.0,753.18,150.64,459.48,32.8
Kissimmee,1,1,1.0,751.98,751.98,459.48,163.7
Freeport,6,6,1.0,739.15,123.19,459.48,26.8
Port Arthur,3,3,1.0,737.05,245.68,459.48,53.5
Salinas,4,4,1.0,728.89,182.22,459.48,39.7
Farmington,3,3,1.0,718.72,239.57,459.48,52.1
Saint Peters,1,1,1.0,697.16,697.16,459.48,151.7
Mentor,1,1,1.0,693.13,693.13,459.48,150.9
Vancouver,3,3,1.0,686.84,228.95,459.48,49.8
Park Ridge,3,3,1.0,685.0,228.33,459.48,49.7
Texarkana,2,2,1.0,654.24,327.12,459.48,71.2
San Angelo,2,2,1.0,650.64,325.32,459.48,70.8
Vineland,4,4,1.0,647.97,161.99,459.48,35.3
Reno,3,3,1.0,644.06,214.69,459.48,46.7
Sunnyvale,2,2,1.0,636.21,318.11,459.48,69.2
Woodbury,2,2,1.0,607.65,303.83,459.48,66.1
Overland Park,3,3,1.0,606.91,202.3,459.48,44.0
Waco,4,4,1.0,606.11,151.53,459.48,33.0
Irving,5,5,1.0,605.5,121.1,459.48,26.4
Lubbock,4,4,1.0,592.56,148.14,459.48,32.2
Encinitas,2,2,1.0,591.98,295.99,459.48,64.4
Oak Park,2,2,1.0,591.05,295.53,459.48,64.3
Utica,3,3,1.0,575.05,191.68,459.48,41.7
Skokie,5,5,1.0,568.83,113.77,459.48,24.8
Mount Pleasant,2,2,1.0,563.08,281.54,459.48,61.3
Mansfield,2,2,1.0,558.88,279.44,459.48,60.8
Lake Charles,2,2,1.0,547.41,273.71,459.48,59.6
Morgan Hill,1,1,1.0,545.01,545.01,459.48,118.6
Moorhead,2,2,1.0,543.86,271.93,459.48,59.2
Rome,3,3,1.0,534.85,178.28,459.48,38.8
Green Bay,4,4,1.0,527.32,131.83,459.48,28.7
Hoover,2,2,1.0,525.85,262.93,459.48,57.2
Westfield,4,4,1.0,519.72,129.93,459.48,28.3
Cary,3,3,1.0,505.21,168.4,459.48,36.7
Arvada,1,1,1.0,503.4,503.4,459.48,109.6
Coon Rapids,1,1,1.0,503.13,503.13,459.48,109.5
Cambridge,3,3,1.0,502.09,167.36,459.48,36.4
Pearland,2,2,1.0,495.0,247.5,459.48,53.9
Lebanon,3,3,1.0,488.9,162.97,459.48,35.5
Missoula,1,1,1.0,487.98,487.98,459.48,106.2
Murrieta,1,1,1.0,484.65,484.65,459.48,105.5
Harlingen,2,2,1.0,471.4,235.7,459.48,51.3
Rockville,3,3,1.0,469.77,156.59,459.48,34.1
Boynton Beach,4,4,1.0,469.59,117.4,459.48,25.6
Caldwell,1,1,1.0,455.63,455.63,459.48,99.2
Manteca,2,2,1.0,452.18,226.09,459.48,49.2
Whittier,1,1,1.0,444.77,444.77,459.48,96.8
Helena,2,2,1.0,443.84,221.92,459.48,48.3
Andover,1,1,1.0,435.85,435.85,459.48,94.9
Warner Robins,2,2,1.0,434.8,217.4,459.48,47.3
Vacaville,1,1,1.0,423.28,423.28,459.48,92.1
Carlsbad,5,5,1.0,419.34,83.87,459.48,18.3
Norwich,4,4,1.0,414.04,103.51,459.48,22.5
Covington,2,2,1.0,413.68,206.84,459.48,45.0
Murray,4,4,1.0,410.94,102.73,459.48,22.4
Summerville,1,1,1.0,406.94,406.94,459.48,88.6
Gaithersburg,1,1,1.0,405.92,405.92,459.48,88.3
Saginaw,2,2,1.0,395.86,197.93,459.48,43.1
Grand Rapids,5,5,1.0,392.59,78.52,459.48,17.1
Lincoln Park,2,2,1.0,387.6,193.8,459.48,42.2
Wilson,3,3,1.0,368.73,122.91,459.48,26.8
La Mesa,1,1,1.0,367.53,367.53,459.48,80.0
Normal,1,1,1.0,366.74,366.74,459.48,79.8
Macon,4,4,1.0,364.01,91.0,459.48,19.8
Taylor,3,3,1.0,353.7,117.9,459.48,25.7
Tyler,2,2,1.0,347.21,173.6,459.48,37.8
Orland Park,1,1,1.0,339.96,339.96,459.48,74.0
Murfreesboro,4,4,1.0,337.33,84.33,459.48,18.4
Clifton,1,1,1.0,336.82,336.82,459.48,73.3
Redding,1,1,1.0,333.58,333.58,459.48,72.6
Meridian,2,2,1.0,329.05,164.53,459.48,35.8
Hamilton,3,3,1.0,328.22,109.41,459.48,23.8
Modesto,3,3,1.0,326.15,108.72,459.48,23.7
Oswego,1,1,1.0,321.98,321.98,459.48,70.1
Hendersonville,2,2,1.0,319.54,159.77,459.48,34.8
Visalia,2,2,1.0,318.78,159.39,459.48,34.7
Wausau,1,1,1.0,317.48,317.48,459.48,69.1
Garden City,3,3,1.0,312.38,104.13,459.48,22.7
West Jordan,2,2,1.0,311.85,155.93,459.48,33.9
Conway,1,1,1.0,301.96,301.96,459.48,65.7
Holyoke,1,1,1.0,301.96,301.96,459.48,65.7
College Station,2,2,1.0,291.04,145.52,459.48,31.7
Laguna Niguel,3,3,1.0,290.98,96.99,459.48,21.1
Allen,2,2,1.0,290.21,145.1,459.48,31.6
Saint Louis,4,4,1.0,285.96,71.49,459.48,15.6
North Charleston,2,2,1.0,284.25,142.13,459.48,30.9
Lake Elsinore,1,1,1.0,283.92,283.92,459.48,61.8
Ontario,1,1,1.0,283.92,283.92,459.48,61.8
Logan,1,1,1.0,280.28,280.28,459.48,61.0
Cedar Rapids,1,1,1.0,278.4,278.4,459.48,60.6
Palm Coast,3,3,1.0,274.43,91.48,459.48,19.9
Manhattan,1,1,1.0,273.96,273.96,459.48,59.6
Daytona Beach,2,2,1.0,272.33,136.17,459.48,29.6
Haltom City,2,2,1.0,269.33,134.66,459.48,29.3
East Point,1,1,1.0,268.4,268.4,459.48,58.4
Woodland,2,2,1.0,264.66,132.33,459.48,28.8
Draper,2,2,1.0,263.65,131.82,459.48,28.7
San Bernardino,3,3,1.0,256.14,85.38,459.48,18.6
West Allis,1,1,1.0,250.48,250.48,459.48,54.5
Port Saint Lucie,3,3,1.0,248.95,82.98,459.48,18.1
Hot Springs,2,2,1.0,245.83,122.92,459.48,26.8
Delray Beach,2,2,1.0,242.54,121.27,459.48,26.4
Kirkwood,1,1,1.0,241.34,241.34,459.48,52.5
Thousand Oaks,4,4,1.0,238.8,59.7,459.48,13.0
New Bedford,4,4,1.0,235.97,58.99,459.48,12.8
Rancho Cucamonga,4,4,1.0,231.85,57.96,459.48,12.6
Malden,2,2,1.0,228.38,114.19,459.48,24.9
Bedford,2,2,1.0,226.26,113.13,459.48,24.6
Sanford,1,1,1.0,225.55,225.55,459.48,49.1
Santa Clara,3,3,1.0,222.19,74.06,459.48,16.1
Corpus Christi,3,3,1.0,220.54,73.51,459.48,16.0
Bolingbrook,3,3,1.0,218.31,72.77,459.48,15.8
Leominster,2,2,1.0,217.49,108.75,459.48,23.7
Eagan,3,3,1.0,214.28,71.43,459.48,15.5
Pine Bluff,1,1,1.0,212.91,212.91,459.48,46.3
Orange,5,5,1.0,211.11,42.22,459.48,9.2
New Albany,1,1,1.0,209.55,209.55,459.48,45.6
Marlborough,1,1,1.0,206.64,206.64,459.48,45.0
Woonsocket,3,3,1.0,195.55,65.18,459.48,14.2
Saint Paul,2,2,1.0,192.83,96.42,459.48,21.0
Bayonne,1,1,1.0,183.4,183.4,459.48,39.9
Tuscaloosa,2,2,1.0,175.7,87.85,459.48,19.1
Elkhart,1,1,1.0,171.43,171.43,459.48,37.3
Gulfport,3,3,1.0,166.5,55.5,459.48,12.1
Gladstone,1,1,1.0,164.34,164.34,459.48,35.8
Coachella,1,1,1.0,163.55,163.55,459.48,35.6
Glenview,1,1,1.0,158.38,158.38,459.48,34.5
Rapid City,1,1,1.0,152.64,152.64,459.48,33.2
Laurel,1,1,1.0,152.59,152.59,459.48,33.2
Champaign,1,1,1.0,151.96,151.96,459.48,33.1
Thomasville,2,2,1.0,151.29,75.65,459.48,16.5
Urbandale,2,2,1.0,149.12,74.56,459.48,16.2
Commerce City,1,1,1.0,146.35,146.35,459.48,31.9
Pico Rivera,1,1,1.0,145.9,145.9,459.48,31.8
Cottage Grove,1,1,1.0,144.36,144.36,459.48,31.4
Beaumont,2,2,1.0,143.52,71.76,459.48,15.6
The Colony,2,2,1.0,142.16,71.08,459.48,15.5
West Palm Beach,3,3,1.0,141.33,47.11,459.48,10.3
Holland,2,2,1.0,137.86,68.93,459.48,15.0
Coppell,2,2,1.0,135.94,67.97,459.48,14.8
Homestead,2,2,1.0,132.55,66.28,459.48,14.4
Rochester Hills,1,1,1.0,132.52,132.52,459.48,28.8
Citrus Heights,1,1,1.0,129.39,129.39,459.48,28.2
Englewood,1,1,1.0,124.06,124.06,459.48,27.0
Grove City,1,1,1.0,123.59,123.59,459.48,26.9
Cedar Hill,2,2,1.0,122.38,61.19,459.48,13.3
Longview,2,2,1.0,119.21,59.61,459.48,13.0
Palatine,1,1,1.0,116.31,116.31,459.48,25.3
Lewiston,2,2,1.0,115.66,57.83,459.48,12.6
Santa Maria,1,1,1.0,115.44,115.44,459.48,25.1
Linden,1,1,1.0,115.36,115.36,459.48,25.1
Conroe,1,1,1.0,111.67,111.67,459.48,24.3
Clovis,1,1,1.0,111.42,111.42,459.48,24.2
Sterling Heights,3,3,1.0,110.04,36.68,459.48,8.0
San Marcos,1,1,1.0,108.44,108.44,459.48,23.6
Bellevue,5,5,1.0,103.62,20.72,459.48,4.5
Charlottesville,2,2,1.0,102.61,51.31,459.48,11.2
Marysville,2,2,1.0,102.18,51.09,459.48,11.1
Santa Fe,2,2,1.0,100.92,50.46,459.48,11.0
Las Cruces,3,3,1.0,98.77,32.92,459.48,7.2
Frankfort,2,2,1.0,97.63,48.82,459.48,10.6
Melbourne,1,1,1.0,95.62,95.62,459.48,20.8
Escondido,3,3,1.0,94.55,31.52,459.48,6.9
Pompano Beach,2,2,1.0,90.44,45.22,459.48,9.8
Medford,3,3,1.0,90.22,30.07,459.48,6.5
San Clemente,1,1,1.0,90.06,90.06,459.48,19.6
Kenner,1,1,1.0,89.32,89.32,459.48,19.4
Bartlett,1,1,1.0,88.96,88.96,459.48,19.4
Edinburg,2,2,1.0,88.28,44.14,459.48,9.6
Hillsboro,2,2,1.0,87.84,43.92,459.48,9.6
Jefferson City,1,1,1.0,86.62,86.62,459.48,18.9
New Castle,1,1,1.0,84.61,84.61,459.48,18.4
Sheboygan,1,1,1.0,79.74,79.74,459.48,17.4
Sierra Vista,2,2,1.0,76.07,38.04,459.48,8.3
San Mateo,1,1,1.0,75.18,75.18,459.48,16.4
Shelton,1,1,1.0,73.33,73.33,459.48,16.0
Littleton,1,1,1.0,72.29,72.29,459.48,15.7
Owensboro,2,2,1.0,71.18,35.59,459.48,7.7
Garland,3,3,1.0,67.7,22.57,459.48,4.9
Bryan,1,1,1.0,65.84,65.84,459.48,14.3
Coral Gables,1,1,1.0,64.25,64.25,459.48,14.0
Boca Raton,2,2,1.0,63.01,31.5,459.48,6.9
Frisco,2,2,1.0,57.5,28.75,459.48,6.3
Lindenhurst,1,1,1.0,55.48,55.48,459.48,12.1
Waukesha,1,1,1.0,54.5,54.5,459.48,11.9
Bridgeton,1,1,1.0,52.41,52.41,459.48,11.4
Mesquite,3,3,1.0,52.15,17.38,459.48,3.8
Yucaipa,1,1,1.0,50.8,50.8,459.48,11.1
La Quinta,1,1,1.0,46.32,46.32,459.48,10.1
Hagerstown,1,1,1.0,43.8,43.8,459.48,9.5
Bozeman,1,1,1.0,43.66,43.66,459.48,9.5
Redwood City,1,1,1.0,41.9,41.9,459.48,9.1
Grapevine,1,1,1.0,41.53,41.53,459.48,9.0
Hickory,2,2,1.0,40.76,20.38,459.48,4.4
Rogers,1,1,1.0,40.41,40.41,459.48,8.8
Nashua,2,2,1.0,35.94,17.97,459.48,3.9
Royal Oak,2,2,1.0,35.34,17.67,459.48,3.8
Niagara Falls,1,1,1.0,34.99,34.99,459.48,7.6
Goldsboro,1,1,1.0,34.94,34.94,459.48,7.6
Davis,1,1,1.0,32.4,32.4,459.48,7.1
East Orange,1,1,1.0,31.8,31.8,459.48,6.9
Greeley,1,1,1.0,30.35,30.35,459.48,6.6
Waterloo,1,1,1.0,30.32,30.32,459.48,6.6
Cuyahoga Falls,3,3,1.0,29.09,9.7,459.48,2.1
Montebello,1,1,1.0,27.88,27.88,459.48,6.1
Danbury,1,1,1.0,27.46,27.46,459.48,6.0
Aberdeen,1,1,1.0,25.5,25.5,459.48,5.5
Atlantic City,1,1,1.0,23.36,23.36,459.48,5.1
Tinley Park,1,1,1.0,22.29,22.29,459.48,4.9
Bullhead City,1,1,1.0,22.29,22.29,459.48,4.9
North Miami,2,2,1.0,22.13,11.06,459.48,2.4
Loveland,3,3,1.0,20.96,6.99,459.48,1.5
Altoona,1,1,1.0,20.45,20.45,459.48,4.5
Antioch,1,1,1.0,19.44,19.44,459.48,4.2
Norfolk,1,1,1.0,17.43,17.43,459.48,3.8
Portage,1,1,1.0,16.28,16.28,459.48,3.5
Grand Island,1,1,1.0,15.96,15.96,459.48,3.5
Margate,1,1,1.0,15.55,15.55,459.48,3.4
New Brunswick,1,1,1.0,14.77,14.77,459.48,3.2
Arlington Heights,1,1,1.0,14.11,14.11,459.48,3.1
Chapel Hill,1,1,1.0,14.02,14.02,459.48,3.1
Rock Hill,1,1,1.0,11.85,11.85,459.48,2.6
Baytown,1,1,1.0,10.37,10.37,459.48,2.3
Iowa City,1,1,1.0,9.99,9.99,459.48,2.2
Romeoville,1,1,1.0,8.95,8.95,459.48,1.9
Billings,1,1,1.0,8.29,8.29,459.48,1.8
Port Orange,1,1,1.0,7.82,7.82,459.48,1.7
Deer Park,1,1,1.0,6.92,6.92,459.48,1.5
Missouri City,1,1,1.0,6.37,6.37,459.48,1.4
Keller,1,1,1.0,6.0,6.0,459.48,1.3
Layton,1,1,1.0,4.96,4.96,459.48,1.1
Springdale,1,1,1.0,4.3,4.3,459.48,0.9
San Luis Obispo,1,1,1.0,3.62,3.62,459.48,0.8
Ormond Beach,1,1,1.0,2.81,2.81,459.48,0.6
Pensacola,1,1,1.0,2.21,2.21,459.48,0.5
Jupiter,1,1,1.0,2.06,2.06,459.48,0.4
Elyria,1,1,1.0,1.82,1.82,459.48,0.4
Abilene,1,1,1.0,1.39,1.39,459.48,0.3
